Id,Name,Team,Bye,Position,Proj Pts,VoRepl,VoNext,Auction $,PFF Ranking,Expert Ranking,Projection-Based Ranking,ADP
pff-player-45791,Saquon Barkley,NYG,11,rb,327.3,223.3,22.19999999999999,64,1,1,1,1.4
pff-player-11763,Christian McCaffrey,CAR,7,rb,286.7,182.7,16.80000000000001,52,2,2,3,2.6
pff-player-11822,Alvin Kamara,NO,9,rb,305.1,201.10000000000002,18.400000000000034,58,3,3,2,3.5
pff-player-9519,David Johnson,ARZ,12,rb,223.8,119.80000000000001,1.0,34,4,4,20,6.6
pff-player-10638,Ezekiel Elliott,DAL,8,rb,269.9,165.89999999999998,27.399999999999977,48,5,5,4,8.0
pff-player-8688,Davante Adams,GB,11,wr,282.1,156.00000000000003,2.0,45,6,6,8,5.9
pff-player-7808,DeAndre Hopkins,HST,10,wr,285.2,159.1,3.099999999999966,46,7,7,7,4.0
pff-player-11860,James Conner,PIT,7,rb,226.5,122.5,2.6999999999999886,35,8,8,18,8.5
pff-player-7829,Le'Veon Bell,NYJ,4,rb,239.0,135.0,11.400000000000006,39,9,9,14,7.6
pff-player-6158,Julio Jones,ATL,9,wr,280.1,154.00000000000003,12.700000000000045,44,10,10,9,9.1
pff-player-8647,Odell Beckham Jr.,CLV,7,wr,264.7,138.6,7.399999999999977,40,11,11,12,14.2
pff-player-10799,Tyreek Hill,KC,12,wr,289.1,163.00000000000003,3.3000000000000114,47,12,12,5,14.3
pff-player-10681,Michael Thomas,NO,9,wr,285.8,159.70000000000002,0.6000000000000227,46,13,13,6,10.6
pff-player-7844,Travis Kelce,KC,12,te,254.4,149.5,43.900000000000006,43,14,14,10,16.8
pff-player-11817,JuJu Smith-Schuster,PIT,7,wr,257.3,131.20000000000002,8.300000000000011,38,15,15,15,12.7
pff-player-11803,Joe Mixon,CIN,9,rb,227.6,123.6,1.0999999999999943,35,16,16,16,18.7
pff-player-11796,Dalvin Cook,MIN,12,rb,212.8,108.80000000000001,8.900000000000006,31,17,17,24,15.1
pff-player-9443,Todd Gurley II,LA,9,rb,221.7,117.69999999999999,8.899999999999977,34,18,18,22,16.4
pff-player-45783,Nick Chubb,CLV,7,rb,242.5,138.5,3.5,40,19,19,13,11.6
pff-player-11759,Leonard Fournette,JAX,10,rb,222.8,118.80000000000001,1.1000000000000227,34,20,20,21,24.5
pff-player-11901,George Kittle,SF,4,te,209.7,104.79999999999998,49.099999999999994,30,21,21,26,30.0
pff-player-5718,Antonio Brown,OAK,6,wr,267.4,141.29999999999998,2.6999999999999886,41,22,22,11,21.8
pff-player-8642,Mike Evans,TB,7,wr,246.4,120.30000000000001,10.300000000000011,35,23,23,19,20.0
pff-player-34455,Kerryon Johnson,DET,5,rb,203.9,99.9,0.9000000000000057,29,24,24,28,28.4
pff-player-8738,Devonta Freeman,ATL,9,rb,192.1,88.1,3.299999999999983,25,25,25,36,29.3
pff-player-7816,Zach Ertz,PHI,10,te,210.5,105.6,0.8000000000000114,30,26,26,25,34.6
pff-player-7857,Keenan Allen,LAC,12,wr,249.0,122.9,2.5999999999999943,35,27,27,17,25.7
pff-player-8288,Adam Thielen,MIN,12,wr,219.3,93.20000000000002,4.800000000000011,27,28,28,32,23.7
pff-player-11937,Aaron Jones,GB,11,rb,192.6,88.6,0.5,25,29,29,34,30.4
pff-player-9437,Amari Cooper,DAL,8,wr,236.1,110.0,8.599999999999994,32,30,30,23,34.0
pff-player-12004,Chris Carson,SEA,11,rb,186.6,82.6,6.0,24,31,31,41,26.0
pff-player-9579,Stefon Diggs,MIN,12,wr,227.5,101.4,6.0,29,32,32,27,31.8
pff-player-45953,Josh Jacobs,OAK,6,rb,188.8,84.80000000000001,0.4000000000000057,24,33,33,38,31.2
pff-player-8655,Brandin Cooks,LA,9,wr,213.0,86.9,2.3000000000000114,25,34,34,37,39.4
pff-player-11765,Patrick Mahomes,KC,12,qb,382.3,95.30000000000001,42.900000000000034,27,35,35,31,20.2
pff-player-45719,David Montgomery,CHI,6,rb,165.1,61.099999999999994,2.4000000000000057,18,36,36,52,32.7
pff-player-6180,Mark Ingram II,BLT,8,rb,157.2,53.19999999999999,3.5999999999999943,15,37,37,60,38.5
pff-player-9502,Tyler Lockett,SEA,11,wr,210.7,84.6,7.599999999999994,24,38,38,39,42.9
pff-player-7822,Robert Woods,LA,9,wr,203.1,77.0,1.6999999999999886,22,39,39,42,42.0
pff-player-5156,Julian Edelman,NE,10,wr,214.5,88.4,1.5,25,40,40,35,36.3
pff-player-10679,Derrick Henry,TEN,11,rb,203.0,99.0,9.400000000000006,28,41,41,29,43.9
pff-player-11898,Marlon Mack,IND,6,rb,174.3,70.30000000000001,4.900000000000006,20,42,42,45,46.2
pff-player-11839,Chris Godwin,TB,7,wr,192.5,66.4,1.0,19,43,43,47,39.8
pff-player-9205,Damien Williams,KC,12,rb,188.4,84.4,1.8000000000000114,24,44,44,40,20.7
pff-player-11851,Kenny Golladay,DET,5,wr,221.5,95.4,2.1999999999999886,27,45,45,30,46.7
pff-player-7092,T.Y. Hilton,IND,6,wr,175.7,49.599999999999994,0.19999999999998863,14,46,46,65,48.4
pff-player-11824,Cooper Kupp,LA,9,wr,189.6,63.5,4.5,18,47,47,51,45.5
pff-player-27589,Sony Michel,NE,10,rb,158.0,54.0,0.8000000000000114,15,48,48,59,37.3
pff-player-10689,Tyler Boyd,CIN,9,wr,194.6,68.5,2.0999999999999943,20,49,49,46,51.9
pff-player-6156,A.J. Green,CIN,9,wr,201.4,75.30000000000001,6.800000000000011,22,50,50,44,59.8
pff-player-9448,Melvin Gordon III,LAC,12,rb,193.6,89.6,1.0,26,51,51,33,40.5
pff-player-8696,Allen Robinson II,CHI,6,wr,178.4,52.30000000000001,2.700000000000017,15,52,52,62,77.5
pff-player-11767,Deshaun Watson,HST,10,qb,339.4,52.39999999999998,27.5,15,53,53,61,48.4
pff-player-9510,Duke Johnson Jr.,HST,10,rb,161.9,57.900000000000006,3.9000000000000057,17,54,54,55,50.8
pff-player-48262,Calvin Ridley,ATL,9,wr,173.6,47.5,0.29999999999998295,14,55,55,68,53.5
pff-player-7618,Josh Gordon,NE,10,wr,182.2,56.099999999999994,3.799999999999983,16,56,56,57,56.8
pff-player-11774,O.J. Howard,TB,7,te,155.7,50.79999999999998,0.09999999999999432,15,57,57,63,52.9
pff-player-12660,Phillip Lindsay,DEN,10,rb,180.6,76.6,6.299999999999983,22,58,58,43,55.9
pff-player-8765,James White,NE,10,rb,169.4,65.4,4.300000000000011,19,59,59,49,50.1
pff-player-10669,Hunter Henry,LAC,12,te,160.6,55.69999999999999,4.900000000000006,16,60,60,58,63.3
pff-player-11778,Evan Engram,NYG,11,te,155.6,50.69999999999999,9.099999999999994,15,61,61,64,56.2
pff-player-40555,Miles Sanders,PHI,10,rb,150.2,46.19999999999999,11.899999999999977,13,62,62,70,57.9
pff-player-7048,Alshon Jeffery,PHI,10,wr,191.5,65.4,0.30000000000001137,19,63,63,48,72.3
pff-player-48267,D.J. Moore,CAR,7,wr,191.2,65.1,1.5999999999999943,19,64,64,50,67.3
pff-player-45664,Derrius Guice,WAS,10,rb,130.5,26.5,1.3000000000000114,8,65,65,82,71.9
pff-player-12164,Austin Ekeler,LAC,12,rb,153.6,49.599999999999994,3.4000000000000057,14,66,66,66,64.5
pff-player-9506,Tevin Coleman,SF,4,rb,138.3,34.30000000000001,2.1000000000000227,10,67,67,74,57.9
pff-player-2241,Aaron Rodgers,GB,11,qb,298.6,11.600000000000023,0.30000000000001137,3,68,68,109,58.3
pff-player-8639,Sammy Watkins,KC,12,wr,165.5,39.400000000000006,8.5,11,69,69,73,95.9
pff-player-8698,Jarvis Landry,CLV,7,wr,170.9,44.80000000000001,5.400000000000006,13,70,70,71,62.6
pff-player-11254,Robby Anderson,NYJ,4,wr,175.5,49.400000000000006,1.9000000000000057,14,71,71,67,74.0
pff-player-5012,Jared Cook,NO,9,te,146.5,41.599999999999994,8.800000000000011,12,72,72,72,70.7
pff-player-11865,Dede Westbrook,JAX,10,wr,155.3,29.200000000000017,3.3000000000000114,8,73,73,80,64.1
pff-player-11762,Mike Williams,LAC,12,wr,185.1,59.0,2.5,17,74,74,53,60.2
pff-player-4317,Matt Ryan,ATL,9,qb,308.1,21.100000000000023,3.0,6,75,75,92,68.5
pff-player-10707,Kenyan Drake,MIA,5,rb,162.7,58.69999999999999,0.799999999999983,17,76,76,54,81.9
pff-player-40485,Devin Singletary,BUF,6,rb,134.9,30.900000000000006,1.200000000000017,9,77,77,78,100.9
pff-player-7158,Marvin Jones Jr.,DET,5,wr,182.6,56.5,0.4000000000000057,16,78,78,56,103.2
pff-player-46518,Baker Mayfield,CLV,7,qb,283.0,-4.0,8.199999999999989,0,79,79,136,65.8
pff-player-6153,Cam Newton,CAR,7,qb,299.0,12.0,0.39999999999997726,3,80,80,108,96.9
pff-player-7962,Latavius Murray,NO,9,rb,133.7,29.69999999999999,1.1999999999999886,9,81,81,79,75.6
pff-player-47546,Christian Kirk,ARZ,12,wr,142.9,16.80000000000001,1.5,5,82,82,97,88.4
pff-player-11795,Curtis Samuel,CAR,7,wr,149.7,23.599999999999994,3.0999999999999943,7,83,83,91,88.0
pff-player-10636,Carson Wentz,PHI,10,qb,299.2,12.199999999999989,0.19999999999998863,3,84,84,107,74.7
pff-player-1724,Larry Fitzgerald,ARZ,12,wr,152.0,25.900000000000006,0.8000000000000114,7,85,85,83,104.0
pff-player-11760,Corey Davis,TEN,11,wr,151.2,25.099999999999994,0.09999999999999432,7,86,86,85,111.2
pff-player-10674,Sterling Shepard,NYG,11,wr,173.3,47.20000000000002,2.4000000000000057,14,87,87,69,90.5
pff-player-5606,Emmanuel Sanders,DEN,10,wr,151.1,25.0,1.1999999999999886,7,88,88,86,82.6
pff-player-7836,Vance McDonald,PIT,7,te,137.7,32.79999999999998,8.099999999999994,9,89,89,75,77.1
pff-player-7077,Russell Wilson,SEA,11,qb,311.9,24.899999999999977,3.7999999999999545,7,90,90,87,89.8
pff-player-10655,Will Fuller V,HST,10,wr,133.0,6.900000000000006,3.1999999999999886,2,91,91,116,80.6
pff-player-41193,Darrell Henderson,LA,9,rb,129.2,25.19999999999999,9.599999999999994,7,92,92,84,91.0
pff-player-12271,Matt Breida,SF,4,rb,132.5,28.5,2.0,8,93,93,81,85.5
pff-player-45747,Royce Freeman,DEN,10,rb,114.1,10.099999999999994,6.0,3,94,94,111,105.5
pff-player-802,Drew Brees,NO,9,qb,303.5,16.5,1.0,5,95,95,98,77.1
pff-player-48164,Courtland Sutton,DEN,10,wr,146.6,20.5,2.5,6,96,96,93,125.8
pff-player-10927,Peyton Barber,TB,7,rb,108.1,4.099999999999994,1.1999999999999886,1,97,97,120,133.1
pff-player-47698,Keke Coutee,HST,10,wr,115.6,-10.5,0.29999999999999716,0,98,98,150,141.3
pff-player-27414,Rashaad Penny,SEA,11,rb,119.6,15.599999999999994,3.1999999999999886,4,99,99,100,91.1
pff-player-47809,Marquez Valdes-Scantling,GB,11,wr,123.2,-2.8999999999999915,0.7000000000000028,0,100,100,134,99.5
pff-player-11874,Tarik Cohen,CHI,6,rb,136.2,32.19999999999999,1.299999999999983,9,101,101,76,70.7
pff-player-10769,Dak Prescott,DAL,8,qb,298.3,11.300000000000011,5.0,3,102,102,110,129.1
pff-player-48113,Dante Pettis,SF,4,wr,149.9,23.80000000000001,0.20000000000001705,7,103,103,89,110.4
pff-player-46416,Lamar Jackson,BLT,8,qb,286.7,-0.30000000000001137,1.0,0,104,104,131,100.1
pff-player-38334,Kyler Murray,ARZ,12,qb,287.0,0.0,0.30000000000001137,0,105,105,127,108.5
pff-player-11141,Geronimo Allison,GB,11,wr,95.7,-30.39999999999999,3.299999999999997,0,106,106,187,97.0
pff-player-5585,Golden Tate,NYG,11,wr,115.3,-10.799999999999997,0.8999999999999915,0,107,107,152,127.2
pff-player-3120,Delanie Walker,TEN,11,te,128.6,23.69999999999999,3.6999999999999886,7,108,108,90,119.3
pff-player-4976,LeSean McCoy,KC,12,rb,85.6,-18.400000000000006,1.6999999999999886,0,109,109,166,95.8
pff-player-10635,Jared Goff,LA,9,qb,302.5,15.5,3.3000000000000114,4,110,110,101,84.1
pff-player-10154,Tyrell Williams,OAK,6,wr,144.1,18.0,1.1999999999999886,5,111,111,96,132.8
pff-player-27126,Tony Pollard,DAL,8,rb,69.2,-34.8,0.6000000000000085,0,112,112,190,82.7
pff-player-45741,Kalen Ballage,MIA,5,rb,106.7,2.700000000000003,2.700000000000003,1,113,113,124,107.5
pff-player-10715,Austin Hooper,ATL,9,te,129.6,24.69999999999999,1.0,7,114,114,88,102.5
pff-player-4363,DeSean Jackson,PHI,10,wr,141.4,15.300000000000011,5.400000000000006,4,115,115,102,115.2
pff-player-8725,Donte Moncrief,PIT,7,wr,157.0,30.900000000000006,1.6999999999999886,9,116,116,77,118.6
pff-player-26075,Michael Gallup,DAL,8,wr,126.9,0.8000000000000114,0.8000000000000114,0,117,117,126,115.4
pff-player-9538,Jamison Crowder,NYJ,4,wr,136.0,9.900000000000006,2.4000000000000057,3,118,118,112,130.6
pff-player-1732,Ben Roethlisberger,PIT,7,qb,305.1,18.100000000000023,1.6000000000000227,5,119,119,95,111.3
pff-player-11784,David Njoku,CLV,7,te,124.9,20.0,4.0,6,120,120,94,85.2
pff-player-47436,Mark Andrews,BLT,8,te,120.9,16.0,1.7000000000000028,5,121,121,99,142.7
pff-player-48160,Anthony Miller,CHI,6,wr,112.8,-13.299999999999997,1.0,0,122,122,156,131.9
pff-player-6301,Dion Lewis,TEN,11,rb,116.4,12.400000000000006,2.3000000000000114,4,123,123,106,140.4
pff-player-698,Tom Brady,NE,10,qb,291.9,4.899999999999977,0.2999999999999545,1,124,124,118,115.7
pff-player-7818,Giovani Bernard,CIN,9,rb,106.9,2.9000000000000057,0.20000000000000284,1,125,125,123,999
pff-player-29539,Justin Jackson,LAC,12,rb,56.0,-48.0,4.5,0,126,126,219,121.3
pff-player-46601,Josh Allen,BUF,6,qb,259.2,-27.80000000000001,0.5,0,127,127,182,147.9
pff-player-1725,Philip Rivers,LAC,12,qb,291.6,4.600000000000023,0.8000000000000114,1,128,128,119,113.6
pff-player-9434,Jameis Winston,TB,7,qb,293.3,6.300000000000011,1.400000000000034,2,129,129,117,106.9
pff-player-8645,Eric Ebron,IND,6,te,104.9,0.0,2.3000000000000114,0,130,130,129,116.3
pff-player-9185,Trey Burton,CHI,6,te,118.2,13.299999999999997,4.5,4,131,131,105,158.2
pff-player-8726,John Brown,BUF,6,wr,116.9,-9.199999999999989,0.4000000000000057,0,132,132,144,137.7
pff-player-34001,Ronald Jones,TB,7,rb,99.1,-4.900000000000006,1.7999999999999972,0,133,133,138,150.9
pff-player-7102,Kirk Cousins,MIN,12,qb,290.8,3.8000000000000114,3.8000000000000114,1,134,134,121,133.7
pff-player-8520,Jack Doyle,IND,6,te,94.2,-10.700000000000003,4.400000000000006,0,135,135,151,999
pff-player-7866,Jordan Reed,WAS,10,te,119.2,14.299999999999997,0.20000000000000284,4,136,136,103,155.7
pff-player-7936,Chris Thompson,WAS,10,rb,94.8,-9.200000000000003,0.7000000000000028,0,137,137,145,999
pff-player-11757,Mitchell Trubisky,CHI,6,qb,285.7,-1.3000000000000114,2.6999999999999886,0,138,138,132,141.2
pff-player-47792,James Washington,PIT,7,wr,107.8,-18.299999999999997,1.5,0,139,139,165,101.4
pff-player-45865,Justice Hill,BLT,8,rb,48.7,-55.3,0.30000000000000426,0,140,140,232,124.5
pff-player-47297,Jaylen Samuels,PIT,7,rb,94.1,-9.900000000000006,5.099999999999994,0,141,141,147,112.9
pff-player-3647,Greg Olsen,CAR,7,te,113.7,8.799999999999997,1.2999999999999972,3,142,142,113,147.6
pff-player-45817,Alexander Mattison,MIN,12,rb,68.6,-35.400000000000006,3.0999999999999943,0,143,143,191,123.1
pff-player-9474,Devin Funchess,IND,6,wr,105.9,-20.19999999999999,1.6000000000000085,0,144,144,171,999
pff-player-10784,Jordan Howard,PHI,10,rb,97.2,-6.799999999999997,1.7999999999999972,0,145,145,141,103.0
pff-player-6195,Kyle Rudolph,MIN,12,te,119.0,14.099999999999994,0.7999999999999972,4,146,146,104,159.5
pff-player-47864,D.K. Metcalf,SEA,11,wr,119.4,-6.699999999999989,2.5,0,147,147,139,129.3
pff-player-3623,Adrian Peterson,WAS,10,rb,89.0,-15.0,2.299999999999997,0,148,148,158,128.3
pff-player-9559,Mike Davis,CHI,6,rb,48.4,-55.6,1.1000000000000014,0,149,149,234,999
pff-player-8943,Albert Wilson,MIA,5,wr,129.8,3.700000000000017,2.8000000000000114,1,150,150,122,999
pff-player-83791,Darwin Thompson,KC,12,rb,33.3,-70.7,0.0,0,151,151,269,77.5
pff-player-5619,Jimmy Graham,GB,11,te,112.4,7.5,7.5,2,152,152,115,156.6
pff-player-9637,Darren Waller,OAK,6,te,87.9,-17.0,1.6000000000000085,0,153,153,162,999
pff-player-47164,Chris Herndon,NYJ,4,te,69.0,-35.900000000000006,3.700000000000003,0,154,154,193,999
pff-player-11841,Kareem Hunt,CLV,7,rb,61.1,-42.9,2.200000000000003,0,155,155,207,98.8
pff-team-6,Bears DST,CHI,6,dst,241.0,-999,-5.099999999999994,0,156,156,503,92.9
pff-player-8843,Quincy Enunwa,NYJ,4,wr,101.1,-25.0,0.0,0,157,157,180,999
pff-player-35134,Damien Harris,NE,10,rb,72.9,-31.099999999999994,3.700000000000003,0,158,158,188,147.5
pff-player-8101,C.J. Anderson,DET,5,rb,95.4,-8.599999999999994,0.6000000000000085,0,159,159,143,999
pff-player-48103,Nyheim Hines,IND,6,rb,104.0,0.0,4.5,0,160,160,130,156.2
pff-team-26,Rams DST,LA,9,dst,264.0,-999,-3.0,0,161,161,497,107.5
pff-player-9902,Malcolm Brown,LA,9,rb,28.7,-75.3,0.09999999999999787,0,162,162,280,157.1
pff-player-11889,Jamaal Williams,GB,11,rb,97.3,-6.700000000000003,0.09999999999999432,0,163,163,140,999
pff-player-11395,Jalen Richard,OAK,6,rb,83.9,-20.099999999999994,3.5,0,164,164,170,999
pff-team-15,Jaguars DST,JAX,10,dst,247.7,-999,-2.3000000000000114,0,165,165,500,115.2
pff-player-45851,Chase Edmonds,ARZ,12,rb,44.2,-59.8,0.8000000000000043,0,166,166,245,999
pff-player-47702,D.J. Chark Jr.,JAX,10,wr,114.4,-11.699999999999989,1.6000000000000085,0,167,167,153,999
pff-player-10075,Adam Humphries,TEN,11,wr,116.0,-10.099999999999994,0.4000000000000057,0,168,168,149,157.9
pff-player-9527,Ty Montgomery,NYJ,4,rb,61.4,-42.6,0.29999999999999716,0,169,169,206,162.0
pff-player-8680,Paul Richardson Jr.,WAS,10,wr,122.5,-3.5999999999999943,3.0999999999999943,0,170,170,135,999
pff-player-40912,T.J. Hockenson,DET,5,te,102.6,-2.3000000000000114,4.5,0,171,171,133,128.3
pff-player-7084,Mohamed Sanu,ATL,9,wr,133.6,7.5,0.5999999999999943,2,172,172,114,155.9
pff-player-45932,Ito Smith,ATL,9,rb,99.5,-4.5,0.4000000000000057,0,173,173,137,153.6
pff-team-27,Chargers DST,LAC,12,dst,255.5,-999,-8.5,0,174,174,498,140.4
pff-team-18,Vikings DST,MIN,12,dst,225.2,-999,-0.700000000000017,0,175,175,516,133.3
pff-player-48228,Tre'Quan Smith,NO,9,wr,89.1,-37.0,0.19999999999998863,0,176,176,195,160.9
pff-player-3625,Ted Ginn Jr.,NO,9,wr,126.1,0.0,2.8999999999999915,0,177,177,128,999
pff-player-61568,Marquise Brown,BLT,8,wr,116.5,-9.599999999999994,0.5,0,178,178,146,999
pff-player-48274,Deebo Samuel,SF,4,wr,99.1,-27.0,1.1999999999999886,0,179,179,181,152.3
pff-player-47272,Dallas Goedert,PHI,10,te,89.6,-15.300000000000011,1.6999999999999886,0,180,180,160,999
pff-team-20,Saints DST,NO,9,dst,246.1,-999,-1.5999999999999943,0,181,181,501,167.3
pff-player-7926,Kenny Stills,HST,10,wr,83.0,-43.099999999999994,2.299999999999997,0,182,182,209,999
pff-player-29048,Sam Darnold,NYJ,4,qb,249.2,-37.80000000000001,1.3999999999999773,0,183,183,198,163.3
pff-player-2282,Frank Gore,BUF,6,rb,61.5,-42.5,0.10000000000000142,0,184,184,205,999
pff-team-19,Patriots DST,NE,10,dst,267.0,-999,0,0,185,185,496,164.1
pff-player-48327,A.J. Brown,TEN,11,wr,97.9,-28.19999999999999,0.9000000000000057,0,187,187,183,999
pff-team-4,Bills DST,BUF,6,dst,234.3,-999,-4.899999999999977,0,188,188,505,163.8
pff-player-7859,Marquise Goodwin,SF,4,wr,39.0,-87.1,0.29999999999999716,0,190,190,318,163.6
pff-player-42388,Noah Fant,DEN,10,te,98.1,-6.800000000000011,3.1999999999999886,0,191,191,142,999
pff-player-7330,Cole Beasley,BUF,6,wr,101.1,-25.0,2.0,0,192,192,179,157.9
pff-player-9447,DeVante Parker,MIA,5,wr,104.3,-21.799999999999997,0.5,0,193,193,173,999
pff-player-38276,Trey Quinn,WAS,10,wr,90.2,-35.89999999999999,0.9000000000000057,0,194,194,192,999
pff-player-7802,Tyler Eifert,CIN,9,te,89.8,-15.100000000000009,0.20000000000000284,0,195,195,159,999
pff-team-13,Texans DST,HST,10,dst,218.7,-999,-0.30000000000001137,0,197,197,521,161.2
pff-player-8692,Carlos Hyde,HST,10,rb,79.8,-24.200000000000003,6.8999999999999915,0,198,198,178,148.4
pff-player-47940,Parris Campbell,IND,6,wr,66.4,-59.69999999999999,0.20000000000000284,0,199,199,244,999
pff-player-6216,Randall Cobb,DAL,8,wr,97.0,-29.099999999999994,1.2999999999999972,0,200,200,185,999
pff-player-45416,DaeSean Hamilton,DEN,10,wr,111.8,-14.299999999999997,3.3999999999999915,0,201,201,157,999
pff-player-42683,Mecole Hardman,KC,12,wr,61.5,-64.6,3.299999999999997,0,202,202,250,139.4
pff-player-11792,Zay Jones,BUF,6,wr,80.0,-46.099999999999994,0.20000000000000284,0,203,203,214,999
pff-player-48229,Terry McLaurin,WAS,10,wr,68.2,-57.89999999999999,1.7999999999999972,0,206,206,242,999
pff-player-10806,Rashard Higgins,CLV,7,wr,74.1,-52.0,1.7999999999999972,0,207,207,224,999
pff-player-11799,Gerald Everett,LA,9,te,85.1,-19.80000000000001,3.299999999999997,0,208,208,169,999
pff-player-1384,Jason Witten,DAL,8,te,94.9,-10.0,0.7000000000000028,0,209,209,148,999
pff-player-8674,Marqise Lee,JAX,10,wr,108.4,-17.69999999999999,0.6000000000000085,0,210,210,164,999
pff-player-9453,Nelson Agholor,PHI,10,wr,88.6,-37.5,1.0999999999999943,0,211,211,197,999
pff-player-45810,Ryquell Armstead,JAX,10,rb,86.7,-17.299999999999997,1.1000000000000085,0,212,212,163,999
pff-player-48209,Miles Boykin,BLT,8,wr,80.7,-45.39999999999999,0.7000000000000028,0,213,213,212,999
pff-player-9469,T.J. Yeldon,BUF,6,rb,49.7,-54.3,1.0,0,214,214,230,999
pff-player-45913,Dexter Williams,GB,11,rb,30.6,-73.4,1.9000000000000021,0,215,215,277,999
pff-player-45691,Dontrell Hilliard,CLV,7,rb,65.5,-38.5,2.5,0,216,216,199,999
pff-player-39587,KeeSean Johnson,ARZ,12,wr,50.4,-75.69999999999999,1.5,0,217,217,283,999
pff-player-48297,N'Keal Harry,NE,10,wr,77.6,-48.5,1.0,0,218,218,220,151.8
pff-player-47448,Andy Isabella,ARZ,12,wr,76.6,-49.5,1.5,0,219,219,221,999
pff-player-11981,David Moore,SEA,11,wr,89.3,-36.8,0.20000000000000284,0,220,220,194,999
pff-player-1753,Benjamin Watson,NE,10,te,49.4,-55.50000000000001,0.19999999999999574,0,221,221,233,999
pff-player-38855,Preston Williams,MIA,5,wr,55.7,-70.39999999999999,0.5,0,222,222,266,999
pff-player-47468,Jakobi Meyers,NE,10,wr,40.5,-85.6,0.7999999999999972,0,223,223,311,999
pff-player-11932,Trent Taylor,SF,4,wr,83.1,-43.0,0.09999999999999432,0,224,224,208,999
pff-player-9462,Phillip Dorsett,NE,10,wr,55.2,-70.89999999999999,1.5,0,225,225,270,999
pff-player-11911,Brian Hill,ATL,9,rb,7.5,-96.5,0.09999999999999964,0,226,226,376,999
pff-player-5567,Rob Gronkowski,NE,10,te,0.0,-104.9,0,0,227,227,412,999
pff-player-8697,Jimmy Garoppolo,SF,4,qb,271.6,-15.399999999999977,5.400000000000034,0,228,228,161,154.0
pff-player-8671,Derek Carr,OAK,6,qb,266.2,-20.80000000000001,7.0,0,229,229,172,155.5
pff-player-10725,Jacoby Brissett,IND,6,qb,258.7,-28.30000000000001,2.099999999999966,0,230,230,184,999
pff-player-4924,Matthew Stafford,DET,5,qb,274.8,-12.199999999999989,3.1999999999999886,0,231,231,154,164.8
pff-team-8,Browns DST,CLV,7,dst,232.1,-999,-0.700000000000017,0,232,232,507,128.3
pff-team-10,Broncos DST,DEN,10,dst,227.0,-999,-0.09999999999999432,0,233,233,512,151.6
pff-team-3,Ravens DST,BLT,8,dst,239.2,-999,-1.8000000000000114,0,234,234,504,126.2
pff-team-14,Colts DST,IND,6,dst,219.0,-999,-0.4000000000000057,0,235,235,520,999
pff-team-24,Eagles DST,PHI,10,dst,250.0,-999,-5.5,0,236,236,499,161.7
pff-team-31,Titans DST,TEN,11,dst,226.2,-999,-0.6000000000000227,0,237,237,514,999
pff-team-25,Steelers DST,PIT,7,dst,246.1,-999,0.0,0,238,238,502,167.0
pff-player-9435,Marcus Mariota,TEN,11,qb,256.6,-30.399999999999977,7.400000000000034,0,239,239,186,999
pff-player-30762,Will Dissly,SEA,11,te,86.3,-18.60000000000001,1.2000000000000028,0,240,240,167,999
pff-player-7971,Rex Burkhead,NE,10,rb,80.4,-23.599999999999994,0.6000000000000085,0,241,241,177,999
pff-player-7089,Nick Foles,JAX,10,qb,247.8,-39.19999999999999,14.200000000000017,0,242,242,201,999
pff-team-9,Cowboys DST,DAL,8,dst,231.0,-999,-1.0999999999999943,0,243,243,508,146.7
pff-player-4717,Danny Amendola,DET,5,wr,106.3,-19.799999999999997,0.3999999999999915,0,245,245,168,999
pff-player-9509,Chris Conley,JAX,10,wr,87.5,-38.599999999999994,4.400000000000006,0,246,246,200,999
pff-player-10656,Josh Doctson,MIN,12,wr,103.0,-23.099999999999994,1.9000000000000057,0,249,249,175,999
pff-team-16,Chiefs DST,KC,12,dst,228.8,-999,-0.5999999999999943,0,250,250,510,999
pff-player-8731,Jerick McKinnon,SF,4,rb,63.0,-41.0,1.5,0,251,251,203,999
pff-player-11764,John Ross,CIN,9,wr,79.3,-46.8,1.2000000000000028,0,252,252,216,999
pff-player-8999,Willie Snead IV,BLT,8,wr,127.0,0.9000000000000057,0.09999999999999432,0,256,256,125,999
pff-player-47153,Mike Gesicki,MIA,5,te,81.8,-23.10000000000001,12.799999999999997,0,258,258,176,999
pff-player-9679,Geoff Swaim,JAX,10,te,65.3,-39.60000000000001,1.5999999999999943,0,259,259,202,999
pff-player-9002,Taylor Gabriel,CHI,6,wr,88.9,-37.19999999999999,0.30000000000001137,0,260,260,196,999
pff-player-46027,Gus Edwards,BLT,8,rb,51.0,-53.0,1.2999999999999972,0,261,261,226,999
pff-team-29,Seahawks DST,SEA,11,dst,227.1,-999,-1.700000000000017,0,263,263,511,166.8
pff-team-5,Panthers DST,CAR,7,dst,225.9,-999,-0.29999999999998295,0,264,264,515,999
pff-player-6187,Andy Dalton,CIN,9,qb,274.8,-12.199999999999989,0.0,0,266,266,155,999
pff-player-48230,Robert Foster,BUF,6,wr,66.2,-59.89999999999999,4.700000000000003,0,267,267,246,999
pff-player-9840,Matt LaCosse,NE,10,te,50.5,-54.400000000000006,1.1000000000000014,0,268,268,231,999
pff-player-4933,Michael Crabtree,ARZ,12,wr,33.2,-92.89999999999999,0.10000000000000142,0,269,269,344,999
pff-player-2347,Darren Sproles,PHI,10,rb,51.5,-52.5,0.5,0,270,270,225,999
pff-player-9207,Cameron Brate,TB,7,te,57.7,-47.2,3.8000000000000043,0,271,271,217,999
pff-player-8128,Jaron Brown,SEA,11,wr,37.8,-88.3,0.29999999999999716,0,274,274,323,999
pff-team-32,Redskins DST,WAS,10,dst,229.4,-999,-1.5999999999999943,0,275,275,509,999
pff-player-45752,Jalen Hurd,SF,4,wr,43.7,-82.39999999999999,0.20000000000000284,0,276,276,301,999
pff-player-7100,Travis Benjamin,LAC,12,wr,92.4,-33.69999999999999,2.200000000000003,0,277,277,189,999
pff-player-7980,Theo Riddick,DEN,10,rb,47.3,-56.7,0.8999999999999986,0,278,278,237,999
pff-player-4332,Joe Flacco,DEN,10,qb,138.1,-148.9,29.69999999999999,0,279,279,463,999
pff-team-2,Falcons DST,ATL,9,dst,232.8,-999,-1.5,0,280,280,506,999
pff-player-42130,Ian Thomas,CAR,7,te,47.2,-57.7,0.5,0,282,282,241,999
pff-player-9459,Breshad Perriman,TB,7,wr,79.8,-46.3,0.5,0,283,283,215,999
pff-player-45954,Benny Snell Jr.,PIT,7,rb,38.6,-65.4,2.8000000000000043,0,284,284,252,999
pff-player-47294,Hayden Hurst,BLT,8,te,63.7,-41.2,2.0,0,285,285,204,999
pff-player-35014,J.J. Arcega-Whiteside,PHI,10,wr,53.7,-72.39999999999999,0.4000000000000057,0,286,286,273,999
pff-player-13597,Deon Cain,IND,6,wr,39.6,-86.5,0.6000000000000014,0,287,287,317,999
pff-player-48101,Antonio Callaway,CLV,7,wr,32.3,-93.8,0.09999999999999432,0,288,288,355,999
pff-player-1722,Eli Manning,NYG,11,qb,179.3,-107.69999999999999,41.20000000000002,0,289,289,417,999
pff-player-42062,Jordan Thomas,HST,10,te,53.9,-51.00000000000001,2.5,0,290,290,223,999
pff-player-11872,Josh Reynolds,LA,9,wr,48.9,-77.19999999999999,3.5,0,291,291,287,999
pff-team-12,Packers DST,GB,11,dst,226.8,-999,-0.19999999999998863,0,292,292,513,999
pff-player-12253,Corey Clement,PHI,10,rb,32.1,-71.9,1.5,0,295,295,271,999
pff-player-33441,Diontae Johnson,PIT,7,wr,38.7,-87.39999999999999,0.4000000000000057,0,296,296,319,999
pff-player-12329,Dare Ogunbowale,TB,7,rb,35.8,-68.2,0.09999999999999432,0,297,297,258,160.6
pff-player-2951,Vernon Davis,WAS,10,te,61.7,-43.2,4.0,0,298,298,210,999
pff-player-10760,Demarcus Robinson,KC,12,wr,45.4,-80.69999999999999,1.3999999999999986,0,299,299,296,999
pff-player-41897,Dwayne Haskins,WAS,10,qb,5.5,-281.5,0.09999999999999964,0,300,300,485,999
pff-team-1,Cardinals DST,ARZ,12,dst,206.2,-999,-2.0,0,301,301,524,999
pff-player-2467,Ryan Fitzpatrick,MIA,5,qb,4.8,-282.2,0.20000000000000018,0,302,302,490,999
pff-player-9518,Tyler Kroft,BUF,6,te,32.9,-72.0,0.6000000000000014,0,303,303,272,999
pff-player-11895,Wayne Gallman,NYG,11,rb,43.4,-60.6,3.5,0,304,304,247,999
pff-player-47509,Hunter Renfrow,OAK,6,wr,36.8,-89.3,0.19999999999999574,0,305,305,329,999
pff-player-7968,Andre Ellington,TB,7,rb,22.0,-82.0,1.0,0,306,306,299,999
pff-team-11,Lions DST,DET,5,dst,211.4,-999,-7.299999999999983,0,307,307,522,999
pff-player-12020,Ricky Seals-Jones,CLV,7,te,4.2,-100.7,1.3000000000000003,0,308,308,396,999
pff-player-11827,Taywan Taylor,CLV,7,wr,0.0,-126.1,0.0,0,309,309,462,999
pff-player-42060,Irv Smith Jr.,MIN,12,te,48.4,-56.50000000000001,0.6000000000000014,0,310,310,236,999
pff-player-35883,Dawson Knox,BUF,6,te,46.7,-58.2,4.5,0,311,311,243,999
pff-player-48017,Keith Kirkwood,NO,9,wr,37.5,-88.6,0.7000000000000028,0,312,312,325,999
pff-player-11855,Jonnu Smith,TEN,11,te,39.1,-65.80000000000001,0.20000000000000284,0,315,315,253,999
pff-player-51593,Keelan Cole,JAX,10,wr,53.3,-72.8,2.8999999999999986,0,316,316,275,999
pff-player-45769,Ty Johnson,DET,5,rb,33.3,-70.7,1.1999999999999957,0,317,317,267,999
pff-player-10768,Kenneth Dixon,BLT,8,rb,20.6,-83.4,0.10000000000000142,0,318,318,306,999
pff-player-8691,Cody Latimer,NYG,11,wr,78.1,-48.0,0.5,0,320,320,218,999
pff-player-7165,Alfred Morris,DAL,8,rb,16.6,-87.4,1.0000000000000018,0,321,321,320,999
pff-team-22,Jets DST,NYJ,4,dst,219.4,-999,-1.9000000000000057,0,322,322,519,999
pff-player-26618,Jordan Wilkins,IND,6,rb,28.4,-75.6,2.8999999999999986,0,323,323,282,999
pff-player-12087,Tim Patrick,DEN,10,wr,58.2,-67.89999999999999,0.7000000000000028,0,324,324,256,999
pff-team-21,Giants DST,NYG,11,dst,221.3,-999,-2.1999999999999886,0,325,325,518,999
pff-player-9607,Cameron Artis-Payne,CAR,7,rb,46.4,-57.6,2.1999999999999957,0,327,327,240,999
pff-player-7323,Case Keenum,WAS,10,qb,233.6,-53.400000000000006,29.5,0,328,328,227,999
pff-player-9590,C.J. Uzomah,CIN,9,te,36.9,-68.0,0.29999999999999716,0,329,329,257,999
pff-player-10770,Devontae Booker,DEN,10,rb,25.5,-78.5,0.5,0,333,333,290,999
pff-player-39258,Jordan Scarlett,CAR,7,rb,20.2,-83.8,3.599999999999998,0,334,334,308,999
pff-player-12320,Blake Jarwin,DAL,8,te,23.8,-81.10000000000001,1.3000000000000007,0,335,335,298,999
pff-player-66915,Justin Watson,TB,7,wr,43.5,-82.6,3.0,0,337,337,303,999
pff-team-28,49ers DST,SF,4,dst,208.2,-999,-3.200000000000017,0,338,338,523,999
pff-player-6326,Charles Clay,ARZ,12,te,49.2,-55.7,0.8000000000000043,0,339,339,235,999
pff-player-7810,Cordarrelle Patterson,CHI,6,wr,33.0,-93.1,0.7000000000000028,0,340,340,347,999
pff-player-9593,Jesse James,DET,5,te,47.8,-57.10000000000001,0.5999999999999943,0,341,341,238,999
pff-player-6468,Chris Hogan,CAR,7,wr,44.0,-82.1,0.29999999999999716,0,342,342,300,999
pff-player-45996,Mark Walton,MIA,5,rb,33.3,-70.7,0.0,0,343,343,268,999
pff-player-10728,Nick Vannett,SEA,11,te,35.4,-69.5,2.5,0,344,344,263,999
pff-player-35460,Josh Rosen,MIA,5,qb,204.1,-82.9,24.799999999999983,0,345,345,304,999
pff-player-9592,J.J. Nelson,OAK,6,wr,56.4,-69.69999999999999,0.6999999999999957,0,346,346,264,999
pff-player-21528,Chad Beebe,MIN,12,wr,68.6,-57.5,0.3999999999999915,0,347,347,239,999
pff-player-13014,Darrel Williams,KC,12,rb,9.6,-94.4,0.1999999999999993,0,348,348,361,999
pff-player-10918,Chester Rogers,IND,6,wr,15.5,-110.6,0.3000000000000007,0,349,349,424,999
pff-player-7014,Ryan Tannehill,TEN,11,qb,19.9,-267.1,0.1999999999999993,0,350,350,469,999
pff-player-38396,Bryce Love,WAS,10,rb,13.9,-90.1,0.20000000000000107,0,351,351,333,999
pff-player-45775,Trayveon Williams,CIN,9,rb,10.6,-93.4,0.0,0,353,353,351,999
pff-player-10744,Tyler Higbee,LA,9,te,42.2,-62.7,2.700000000000003,0,354,354,248,999
pff-player-8777,Ryan Grant,OAK,6,wr,26.0,-100.1,2.3000000000000007,0,355,355,394,999
pff-team-30,Buccaneers DST,TB,7,dst,203.4,-999,-2.799999999999983,0,356,356,525,999
pff-player-9883,Jake Kumerow,GB,11,wr,11.4,-114.69999999999999,0.09999999999999964,0,357,357,429,999
pff-player-11800,Adam Shaheen,CHI,6,te,31.8,-73.10000000000001,0.40000000000000213,0,358,358,276,999
pff-player-47081,Jace Sternberger,GB,11,te,32.3,-72.60000000000001,0.49999999999999645,0,360,360,274,999
pff-player-37213,Kahale Warring,HST,10,te,12.1,-92.80000000000001,0.40000000000000036,0,361,361,343,999
pff-player-5547,Demaryius Thomas,NE,10,wr,0.0,-126.1,0,0,362,362,458,165.3
pff-player-6278,Bilal Powell,NYJ,4,rb,35.7,-68.3,1.8000000000000043,0,364,364,259,999
pff-player-12078,Mo Alie-Cox,IND,6,te,16.0,-88.9,0.09999999999999964,0,365,365,327,999
pff-player-45914,Myles Gaskin,MIA,5,rb,13.7,-90.3,0.29999999999999893,0,366,366,334,999
pff-player-10724,C.J. Prosise,SEA,11,rb,33.9,-70.1,0.6000000000000014,0,367,367,265,999
pff-player-10820,Jakeem Grant,MIA,5,wr,103.8,-22.299999999999997,0.7999999999999972,0,368,368,174,999
pff-player-35170,Rodney Anderson,CIN,9,rb,4.2,-99.8,0.9000000000000004,0,369,369,393,999
pff-team-17,Dolphins DST,MIA,5,dst,202.0,-999,-1.4000000000000057,0,371,371,526,999
pff-player-8524,Demetrius Harris,CLV,7,te,26.7,-78.2,0.09999999999999787,0,372,372,288,999
pff-team-7,Bengals DST,CIN,9,dst,223.5,-999,-1.6999999999999886,0,373,373,517,999
pff-player-31615,Mike Boone,MIN,12,rb,28.6,-75.4,0.20000000000000284,0,374,374,281,999
pff-player-12051,Jacob Hollister,SEA,11,te,6.8,-98.10000000000001,0.2999999999999998,0,375,375,383,999
pff-player-7128,Rhett Ellison,NYG,11,te,35.8,-69.10000000000001,0.3999999999999986,0,377,377,262,999
pff-player-39395,Daniel Jones,NYG,11,qb,65.4,-221.6,29.400000000000006,0,378,378,465,999
pff-player-6597,Dontrelle Inman,LAC,12,wr,0.0,-126.1,0.0,0,381,381,459,999
pff-player-47931,Kelvin Harmon,WAS,10,wr,33.2,-92.89999999999999,0.0,0,383,383,345,999
pff-player-45934,Qadree Ollison,ATL,9,rb,21.0,-83.0,0.3999999999999986,0,384,384,305,999
pff-player-28011,Mike Weber,DAL,8,rb,4.8,-99.2,0.5,0,385,385,391,999
pff-player-7118,Jarius Wright,CAR,7,wr,75.1,-51.0,1.0,0,386,386,222,999
pff-player-39517,Drew Lock,DEN,10,qb,108.4,-178.6,43.0,0,387,387,464,999
pff-player-11888,Ryan Switzer,PIT,7,wr,33.1,-93.0,0.10000000000000142,0,388,388,346,999
pff-player-47967,Equanimeous St. Brown,GB,11,wr,30.0,-96.1,0.8000000000000007,0,389,389,372,999
pff-player-11035,Maurice Harris,NE,10,wr,0.0,-126.1,0.0,0,390,390,461,999
pff-team-23,Raiders DST,OAK,6,dst,195.5,-999,-6.5,0,391,391,527,999
pff-player-47083,Josh Oliver,JAX,10,te,51.4,-53.50000000000001,0.8999999999999986,0,392,392,228,999
pff-player-11900,Jake Butt,DEN,10,te,36.6,-68.30000000000001,0.8000000000000043,0,393,393,260,999
pff-player-9525,Jeff Heuerman,DEN,10,te,25.2,-79.7,1.3999999999999986,0,394,394,295,999
pff-player-10657,Laquon Treadwell,MIN,12,wr,30.4,-95.69999999999999,0.3999999999999986,0,395,395,368,999
pff-player-9488,Maxx Williams,ARZ,12,te,38.7,-66.2,1.8000000000000043,0,396,396,255,999
pff-player-8200,Josh Hill,NO,9,te,28.9,-76.0,0.8999999999999986,0,397,397,285,999
pff-player-34761,John Kelly,LA,9,rb,10.6,-93.4,0.0,0,398,398,350,999
pff-player-11107,Alex Erickson,CIN,9,wr,34.2,-91.89999999999999,1.0,0,399,399,342,999
pff-player-7912,Kyle Juszczyk,SF,4,rb,39.9,-64.1,1.2999999999999972,0,401,401,249,999
pff-player-48115,Emmanuel Butler,NO,9,wr,13.3,-112.8,1.700000000000001,0,402,402,427,999
pff-player-10741,Chris Moore,BLT,8,wr,72.3,-53.8,3.700000000000003,0,403,403,229,999
pff-player-9550,Blake Bell,KC,12,te,26.3,-78.60000000000001,0.8000000000000007,0,405,405,291,999
pff-player-48331,Gary Jennings,SEA,11,wr,57.5,-68.6,1.1000000000000014,0,406,406,261,999
pff-player-45903,Devine Ozigbo,JAX,10,rb,58.9,-45.1,0.3999999999999986,0,407,407,211,999
pff-player-7940,Luke Willson,OAK,6,te,28.0,-76.9,1.3000000000000007,0,408,408,286,999
pff-player-9092,Xavier Grimble,PIT,7,te,39.5,-65.4,0.3999999999999986,0,409,409,251,999
pff-player-7789,Tavon Austin,DAL,8,wr,29.2,-96.89999999999999,3.1999999999999993,0,410,410,379,999
pff-player-9487,Ameer Abdullah,MIN,12,rb,7.6,-96.4,0.09999999999999964,0,411,411,375,999
pff-player-8931,Allen Hurns,MIA,5,wr,36.6,-89.5,2.1000000000000014,0,412,412,331,999
pff-player-11935,T.J. Logan,ARZ,12,rb,7.5,-96.5,0.0,0,413,413,377,999
pff-player-10008,Cameron Meredith,NE,10,wr,0.0,-126.1,0.0,0,414,414,460,999
pff-player-47933,Riley Ridley,CHI,6,wr,14.0,-112.1,0.6999999999999993,0,415,415,426,999
pff-player-10783,Paul Perkins,NYG,11,rb,22.9,-81.1,0.8999999999999986,0,416,416,297,999
pff-player-48316,J'Mon Moore,GB,11,wr,11.6,-114.5,0.1999999999999993,0,417,417,428,999
pff-player-7035,Doug Martin,OAK,6,rb,58.5,-45.5,2.5,0,999,999,213,999
pff-player-48023,Travis Fulgham,DET,5,wr,39.7,-86.39999999999999,0.10000000000000142,0,999,999,316,999
pff-player-7982,Ryan Griffin,NYJ,4,te,38.9,-66.0,0.19999999999999574,0,999,999,254,999
pff-player-9540,Justin Hardy,ATL,9,wr,38.3,-87.8,0.5,0,999,999,321,999
pff-player-7008,Robert Griffin III,BLT,8,qb,36.0,-251.0,3.0,0,999,999,466,999
pff-player-10774,Tajae Sharpe,TEN,11,wr,34.5,-91.6,0.29999999999999716,0,999,999,338,999
pff-player-38265,Will Grier,CAR,7,qb,33.0,-254.0,1.3000000000000007,0,999,999,467,999
pff-player-47882,Olabisi Johnson,MIN,12,wr,32.2,-93.89999999999999,1.1000000000000014,0,999,999,357,999
pff-player-7983,Ryan Griffin,TB,7,qb,31.7,-255.3,11.8,0,999,999,468,999
pff-player-9606,James O'Shaughnessy,JAX,10,te,31.4,-73.5,0.5999999999999979,0,999,999,278,999
pff-player-25578,Darius Slayton,NYG,11,wr,31.1,-95.0,0.7000000000000028,0,999,999,364,999
pff-player-6256,Luke Stocker,ATL,9,te,30.8,-74.10000000000001,1.8000000000000007,0,999,999,279,999
pff-player-7066,Dwayne Allen,MIA,5,te,29.0,-75.9,0.10000000000000142,0,999,999,284,999
pff-player-47050,Jordan Akins,HST,10,te,26.6,-78.30000000000001,0.3000000000000007,0,999,999,289,999
pff-player-6356,Virgil Green,LAC,12,te,25.5,-79.4,0.3000000000000007,0,999,999,293,999
pff-player-9761,Zach Zenner,DET,5,rb,25.0,-79.0,0.6000000000000014,0,999,999,292,999
pff-player-6997,Patrick DiMarco,BUF,6,rb,24.4,-79.6,1.5,0,999,999,294,999
pff-player-7472,Josh Bellamy,NYJ,4,wr,23.7,-102.39999999999999,0.6999999999999993,0,999,999,400,999
pff-player-10038,Darius Jennings,TEN,11,wr,23.0,-103.1,0.6999999999999993,0,999,999,405,999
pff-player-9604,Nick Boyle,BLT,8,te,22.5,-82.4,1.3999999999999986,0,999,999,302,999
pff-player-48036,Brandon Powell,DET,5,wr,22.3,-103.8,0.10000000000000142,0,999,999,407,999
pff-player-47481,Scotty Miller,TB,7,wr,22.2,-103.89999999999999,0.3000000000000007,0,999,999,408,999
pff-player-6210,Torrey Smith,CAR,7,wr,21.9,-104.19999999999999,0.09999999999999787,0,999,999,409,999
pff-player-9079,Seth Roberts,BLT,8,wr,21.8,-104.3,1.4000000000000021,0,999,999,410,999
pff-player-12270,Kendrick Bourne,SF,4,wr,21.8,-104.3,0.0,0,999,999,411,999
pff-player-7274,Garrett Celek,SF,4,te,21.1,-83.80000000000001,0.5,0,999,999,309,999
pff-player-11929,Eric Saubert,NE,10,te,20.6,-84.30000000000001,1.6000000000000014,0,999,999,310,999
pff-player-45734,D'Ernest Johnson,CLV,7,rb,20.5,-83.5,0.3000000000000007,0,999,999,307,999
pff-player-5612,Andre Roberts,BUF,6,wr,20.4,-105.69999999999999,0.1999999999999993,0,999,999,413,999
pff-player-8914,Bennie Fowler,NYG,11,wr,20.2,-105.89999999999999,0.09999999999999787,0,999,999,414,999
pff-player-44771,Russell Gage,ATL,9,wr,20.1,-106.0,0.5,0,999,999,415,999
pff-player-8799,A.J. McCarron,HST,10,qb,19.7,-267.3,3.3000000000000007,0,999,999,470,999
pff-player-23670,Marcell Ateman,OAK,6,wr,19.6,-106.5,1.2000000000000028,0,999,999,416,999
pff-player-5595,Ed Dickson,SEA,11,te,19.0,-85.9,0.10000000000000142,0,999,999,312,999
pff-player-12145,Jason Croom,BUF,6,te,18.9,-86.0,0.1999999999999993,0,999,999,313,999
pff-player-9627,Nick O'Leary,MIA,5,te,18.7,-86.2,0.09999999999999787,0,999,999,314,999
pff-player-42018,Trevon Wesco,NYJ,4,te,18.6,-86.30000000000001,1.8000000000000007,0,999,999,315,999
pff-player-12215,Austin Carr,NO,9,wr,18.4,-107.69999999999999,0.3999999999999986,0,999,999,418,999
pff-player-48182,Damion Ratley,CLV,7,wr,18.4,-107.69999999999999,0.0,0,999,999,419,999
pff-player-11883,Josh Malone,CIN,9,wr,18.0,-108.1,0.10000000000000142,0,999,999,420,999
pff-player-47477,Deontay Burnett,NYJ,4,wr,17.9,-108.19999999999999,0.5,0,999,999,421,999
pff-player-8254,Russell Shepard,NYG,11,wr,17.4,-108.69999999999999,1.6999999999999993,0,999,999,422,999
pff-player-47043,Foster Moreau,OAK,6,te,16.8,-88.10000000000001,0.8000000000000007,0,999,999,322,999
pff-player-12282,Nick Mullens,SF,4,qb,16.4,-270.6,0.4999999999999982,0,999,999,471,999
pff-player-51842,Dan Arnold,NO,9,te,15.9,-89.0,0.3000000000000007,0,999,999,328,999
pff-player-12112,Taysom Hill,NO,9,qb,15.9,-271.1,3.9000000000000004,0,999,999,472,999
pff-player-9964,Damiere Byrd,ARZ,12,wr,15.7,-110.39999999999999,0.1999999999999993,0,999,999,423,999
pff-player-66446,Trenton Cannon,NYJ,4,rb,15.6,-88.4,0.40000000000000036,0,999,999,324,999
pff-player-5795,Logan Paulsen,ATL,9,te,15.6,-89.30000000000001,1.0,0,999,999,330,999
pff-player-12888,Buddy Howell,HST,10,rb,15.2,-88.8,1.1999999999999993,0,999,999,326,999
pff-player-9619,Geremy Davis,LAC,12,wr,15.2,-110.89999999999999,1.1999999999999993,0,999,999,425,999
pff-player-47259,Drew Sample,CIN,9,te,14.6,-90.30000000000001,1.5,0,999,999,335,999
pff-player-10870,Dwayne Washington,NO,9,rb,14.0,-90.0,0.09999999999999964,0,999,999,332,999
pff-player-45859,Travis Homer,SEA,11,rb,13.4,-90.6,0.9000000000000004,0,999,999,336,999
pff-player-51837,Anthony Firkser,TEN,11,te,13.1,-91.80000000000001,1.0,0,999,999,341,999
pff-player-9184,David Fluellen,TEN,11,rb,12.5,-91.5,0.09999999999999964,0,999,999,337,999
pff-player-11347,C.J. Ham,MIN,12,rb,12.4,-91.6,0.20000000000000107,0,999,999,339,999
pff-player-6288,Anthony Sherman,KC,12,rb,12.2,-91.8,1.5999999999999996,0,999,999,340,999
pff-player-10841,Jeff Driskel,CIN,9,qb,12.0,-275.0,0.5,0,999,999,473,999
pff-player-47304,Dalton Schultz,DAL,8,te,11.7,-93.2,0.5,0,999,999,348,999
pff-player-1085,Josh McCown,PHI,10,qb,11.5,-275.5,1.5999999999999996,0,999,999,474,999
pff-player-47908,Cam Sims,WAS,10,wr,11.3,-114.8,0.3000000000000007,0,999,999,430,999
pff-player-8954,Scott Simonson,NYG,11,te,11.2,-93.7,0.09999999999999964,0,999,999,353,999
pff-player-6199,Lance Kendricks,NE,10,te,11.1,-93.80000000000001,0.40000000000000036,0,999,999,356,999
pff-player-11873,Mack Hollins,PHI,10,wr,11.0,-115.1,1.3000000000000007,0,999,999,431,999
pff-player-10822,David Morgan,MIN,12,te,10.7,-94.2,0.09999999999999964,0,999,999,358,999
pff-player-8420,Zach Line,NO,9,rb,10.6,-93.4,0.09999999999999964,0,999,999,349,999
pff-player-36049,Zach Gentry,PIT,7,te,10.6,-94.30000000000001,0.09999999999999964,0,999,999,359,999
pff-player-9047,Charcandrick West,IND,6,rb,10.5,-93.5,0.1999999999999993,0,999,999,352,999
pff-player-11909,Jeremy Sprinkle,WAS,10,te,10.5,-94.4,0.5,0,999,999,360,999
pff-player-10777,DeAndre Washington,OAK,6,rb,10.3,-93.7,0.7000000000000011,0,999,999,354,999
pff-player-40973,Kaden Smith,SF,4,te,10.0,-94.9,0.40000000000000036,0,999,999,363,999
pff-player-8638,Blake Bortles,LA,9,qb,9.9,-277.1,0.3000000000000007,0,999,999,475,999
pff-player-12163,Gehrig Dieter,KC,12,wr,9.7,-116.39999999999999,1.0,0,999,999,432,999
pff-player-2973,Marcedes Lewis,GB,11,te,9.6,-95.30000000000001,0.1999999999999993,0,999,999,365,999
pff-player-11890,Joshua Dobbs,PIT,7,qb,9.6,-277.4,0.29999999999999893,0,999,999,476,999
pff-player-10832,Derek Watt,LAC,12,rb,9.4,-94.6,0.8000000000000007,0,999,999,362,999
pff-player-47327,Ryan Izzo,NE,10,te,9.4,-95.5,0.3000000000000007,0,999,999,367,999
pff-player-6332,Tyrod Taylor,LAC,12,qb,9.3,-277.7,0.8000000000000007,0,999,999,477,999
pff-player-24606,Antony Auclair,TB,7,te,9.1,-95.80000000000001,0.5999999999999996,0,999,999,369,999
pff-player-26586,John Ursua,SEA,11,wr,8.7,-117.39999999999999,0.6999999999999993,0,999,999,433,999
pff-player-6142,James Develin,NE,10,rb,8.6,-95.4,0.5,0,999,999,366,999
pff-player-6311,Lee Smith,BUF,6,te,8.5,-96.4,0.7999999999999998,0,999,999,374,999
pff-player-5277,Brian Hoyer,IND,6,qb,8.5,-278.5,0.40000000000000036,0,999,999,478,999
pff-player-10810,Andy Janovich,DEN,10,rb,8.1,-95.9,0.09999999999999964,0,999,999,370,999
pff-player-8667,Teddy Bridgewater,NO,9,qb,8.1,-278.9,0.5,0,999,999,479,999
pff-player-11948,Alex Armah,CAR,7,rb,8.0,-96.0,0.2999999999999998,0,999,999,371,999
pff-player-45675,Taquan Mizzell Sr.,CHI,6,wr,8.0,-118.1,0.2999999999999998,0,999,999,434,999
pff-player-11300,Elijhaa Penny,NYG,11,rb,7.7,-96.3,0.10000000000000053,0,999,999,373,999
pff-player-47257,Durham Smythe,MIA,5,te,7.7,-97.2,0.6000000000000005,0,999,999,381,999
pff-player-48192,Auden Tate,CIN,9,wr,7.7,-118.39999999999999,0.20000000000000018,0,999,999,435,999
pff-player-1811,Matt Schaub,ATL,9,qb,7.6,-279.4,0.1999999999999993,0,999,999,480,999
pff-player-48097,Jaleel Scott,BLT,8,wr,7.5,-118.6,0.5,0,999,999,436,999
pff-player-9783,Raheem Mostert,SF,4,rb,7.4,-96.6,0.3000000000000007,0,999,999,378,999
pff-player-7880,Matt Barkley,BUF,6,qb,7.4,-279.6,1.1000000000000005,0,999,999,481,999
pff-player-10660,Paxton Lynch,SEA,11,qb,7.4,-279.6,0.0,0,999,999,482,999
pff-player-6277,Taiwan Jones,HST,10,rb,7.1,-96.9,1.2999999999999998,0,999,999,380,999
pff-player-10211,Chris Manhertz,CAR,7,te,7.1,-97.80000000000001,0.2999999999999998,0,999,999,382,999
pff-player-11927,Isaiah McKenzie,BUF,6,wr,7.0,-119.1,0.20000000000000018,0,999,999,437,999
pff-player-11366,Duke Williams,BUF,6,wr,6.8,-119.3,0.20000000000000018,0,999,999,438,999
pff-player-11993,Noah Brown,DAL,8,wr,6.8,-119.3,0.0,0,999,999,439,999
pff-player-10840,Mike Thomas,LA,9,wr,6.6,-119.5,0.1999999999999993,0,999,999,440,999
pff-player-7406,Derek Carrier,OAK,6,te,6.5,-98.4,0.09999999999999964,0,999,999,385,999
pff-player-12037,Sean Culkin,LAC,12,te,6.4,-98.5,0.10000000000000053,0,999,999,386,999
pff-player-48345,Derrick Willies,CLV,7,wr,6.4,-119.69999999999999,0.20000000000000018,0,999,999,441,999
pff-player-47119,Isaac Nauta,DET,5,te,6.3,-98.60000000000001,0.20000000000000018,0,999,999,387,999
pff-player-41401,Gardner Minshew,JAX,10,qb,6.3,-280.7,0.2999999999999998,0,999,999,483,999
pff-player-38275,Juwann Winfree,DEN,10,wr,6.2,-119.89999999999999,0.5,0,999,999,442,999
pff-player-9653,Neal Sterling,KC,12,te,6.1,-98.80000000000001,1.7999999999999998,0,999,999,388,999
pff-player-11051,Joshua Perkins,PHI,10,te,6.1,-98.80000000000001,0.0,0,999,999,389,999
pff-player-4371,Chad Henne,KC,12,qb,6.0,-281.0,0.5,0,999,999,484,999
pff-player-45695,Detrez Newsome,LAC,12,rb,5.8,-98.2,0.8999999999999995,0,999,999,384,999
pff-player-12067,Bobo Wilson,TB,7,wr,5.7,-120.39999999999999,0.10000000000000053,0,999,999,443,999
pff-player-9878,Eli Rogers,PIT,7,wr,5.6,-120.5,0.2999999999999998,0,999,999,444,999
pff-player-9522,Sean Mannion,MIN,12,qb,5.4,-281.6,0.10000000000000053,0,999,999,486,999
pff-player-9859,DeAndre Carter,HST,10,wr,5.3,-120.8,0.20000000000000018,0,999,999,445,999
pff-player-8770,Tom Savage,DET,5,qb,5.3,-281.7,0.20000000000000018,0,999,999,487,999
pff-player-12324,Cooper Rush,DAL,8,qb,5.3,-281.7,0.0,0,999,999,488,999
pff-player-12044,Artavis Scott,LAC,12,wr,5.1,-121.0,0.39999999999999947,0,999,999,446,999
pff-player-5214,Chase Daniel,CHI,6,qb,5.1,-281.9,0.2999999999999998,0,999,999,489,999
pff-player-7572,Jamize Olawale,DAL,8,rb,4.9,-99.1,0.10000000000000053,0,999,999,390,999
pff-player-11921,Shelton Gibson,PHI,10,wr,4.7,-121.39999999999999,1.1,0,999,999,447,999
pff-player-12303,Zach Pascal,IND,6,wr,4.7,-121.39999999999999,0.0,0,999,999,448,999
pff-player-9683,Trevor Siemian,NYJ,4,qb,4.6,-282.4,0.2999999999999998,0,999,999,491,999
pff-player-38329,Trey Edmunds,PIT,7,rb,4.3,-99.7,0.09999999999999964,0,999,999,392,999
pff-player-9662,Ben Koyack,JAX,10,te,4.3,-100.60000000000001,0.09999999999999964,0,999,999,395,999
pff-player-7854,Mike Glennon,OAK,6,qb,4.3,-282.7,2.6999999999999997,0,999,999,492,999
pff-player-41406,Javon Wims,CHI,6,wr,3.6,-122.5,1.0,0,999,999,449,999
pff-player-46580,Quinton Flowers,CIN,9,rb,3.3,-100.7,1.5999999999999999,0,999,999,397,999
pff-player-11160,Stephen Anderson,NE,10,te,2.9,-102.0,0.3999999999999999,0,999,999,398,999
pff-player-34698,Reggie White Jr.,NYG,11,wr,2.6,-123.5,0.30000000000000027,0,999,999,450,999
pff-player-10144,Daniel Brown,NYJ,4,te,2.5,-102.4,2.5,0,999,999,401,999
pff-player-6328,Dwayne Harris,OAK,6,wr,2.3,-123.8,0.3999999999999999,0,999,999,451,999
pff-player-12739,JoJo Natson,LA,9,wr,1.9,-124.19999999999999,0.5999999999999999,0,999,999,452,999
pff-player-47542,Reggie Bonnafon,CAR,7,rb,1.7,-102.3,0.30000000000000004,0,999,999,399,999
pff-player-3659,Drew Stanton,CLV,7,qb,1.6,-285.4,0.40000000000000013,0,999,999,493,999
pff-player-12134,Phillip Walker,IND,6,qb,1.6,-285.4,0.0,0,999,999,494,999
pff-player-10850,Darius Jackson,DAL,8,rb,1.4,-102.6,0.2999999999999998,0,999,999,402,999
pff-player-55003,D.J. Montgomery,CLV,7,wr,1.3,-124.8,0.4,0,999,999,453,999
pff-player-9580,Brett Hundley,ARZ,12,qb,1.2,-285.8,0,0,999,999,495,999
pff-player-9663,Marcus Murphy,BUF,6,rb,1.1,-102.9,0.20000000000000007,0,999,999,403,999
pff-player-10988,Kenneth Farrow,MIA,5,rb,1.1,-102.9,0.0,0,999,999,404,999
pff-player-30027,George Aston,DEN,10,rb,0.9,-103.1,0,0,999,999,406,999
pff-player-28991,Richie James Jr.,SF,4,wr,0.9,-125.19999999999999,0.09999999999999998,0,999,999,454,999
pff-player-47417,River Cracraft,DEN,10,wr,0.8,-125.3,0.5,0,999,999,455,999
pff-player-48110,Stanley Morgan Jr.,CIN,9,wr,0.8,-125.3,0.0,0,999,999,456,999
pff-player-8061,Rashad Ross,CAR,7,wr,0.3,-125.8,0.3,0,999,999,457,999
pff-team-,Agents DST,UFA,-,dst,0.0,-999,-195.5,0,999,999,528,999
